<?xml version="1.0" encoding="UTF-8"?>
<quiz>
<question type="category">
<category>
<text>Moodle QUIZ XML export</text>
</category>
</question>
<question type="multichoice">
<name>
<text>¿Acierta el árbitro?</text>
</name>
<questiontext>
<text>¿Acierta el árbitro?</text>
</questiontext>
<shuffleanswers>0</shuffleanswers>
<single>false</single>
<media>
<type>video</type>
<source type="video/mp4">assets/videos/pasos18.mp4</source>
</media>
<answer fraction="0">
<text>Sí</text>
<feedback><text>Incorrecta</text></feedback>
</answer>
<answer fraction="100">
<text>No</text>
<feedback><text>No acierta ya que hay pasos de salida: levanta pie de pivote antes de soltar balón</text></feedback>
</answer>
</question>
<question type="multichoice">
<name>
<text>Señala la respuesta correcta</text>
</name>
<questiontext>
<text>Señala la respuesta correcta</text>
</questiontext>
<shuffleanswers>0</shuffleanswers>
<single>false</single>
<media>
<type>video</type>
<source type="video/mp4">assets/videos/pasos6.mp4</source>
</media>
<answer fraction="0">
<text>Jugador realiza salida legal y finalización legal</text>
<feedback><text>Incorrecta</text></feedback>
</answer>
<answer fraction="100">
<text>Jugador realiza salida ilegal y finalización legal</text>
<feedback><text>Pasos de salida. Finalización legal</text></feedback>
</answer>
<answer fraction="0">
<text>Jugador realiza salida legal y finalización ilegal</text>
<feedback><text>Incorrecta</text></feedback>
</answer>
<answer fraction="0">
<text>Jugador realiza salida ilegal y finalización ilegal</text>
<feedback><text>Incorrecta</text></feedback>
</answer>
</question>
<question type="multichoice">
<name>
<text>Escucha el audio. ¿Es correcto lo que se dice?</text>
</name>
<questiontext>
<text>Escucha el audio. ¿Es correcto lo que se dice?</text>
</questiontext>
<shuffleanswers>1</shuffleanswers>
<single>true</single>
<media>
<type>audio</type>
<source type="audio/mp3">assets/audios/audio1.mp3</source>
</media>
<answer fraction="100">
<text>Sí</text>
<feedback><text>Correcta</text></feedback>
</answer>
<answer fraction="0">
<text>No</text>
<feedback><text>Incorrecta</text></feedback>
</answer>
</question>
<question type="multichoice">
<name>
<text>Qué pista es más grande, trasera o delantera?</text>
</name>
<questiontext>
<text>¿Qué pista es más grande, trasera o delantera?</text>
</questiontext>
<shuffleanswers>1</shuffleanswers>
<single>true</single>
<answer fraction="0">
<text>Delantera</text>
<feedback><text>Incorrecta</text></feedback>
</answer>
<answer fraction="100">
<text>Trasera</text>
<feedback><text>Es más grande que delantera al incluir la línea de medio campo</text></feedback>
</answer>
</question>
<question type="multichoice">
<name>
<text>¿Cúando finalizan los ocho segundos en campo defensivo en minibasket?</text>
</name>
<questiontext>
<text>¿Cúando finalizan los ocho segundos en campo defensivo en minibasket?</text>
</questiontext>
<shuffleanswers>1</shuffleanswers>
<single>true</single>
<answer fraction="0">
<text>Cuando balón llega a campo de ataque</text>
<feedback><text>Incorrecta</text></feedback>
</answer>
<answer fraction="100">
<text>No hay ocho segundos en minibasket</text>
<feedback><text>Correcta</text></feedback>
</answer>
</question>
</quiz>